{
  "epoch": 6,
  "best_val_loss": 1.4012818256121002,
  "map_0.5_0.95": 0.6690670717289464,
  "map_0.3": 0.9889399377173258,
  "precision": 0.9985915492957746,
  "recall": 1.0,
  "f1": 0.9992952783650458
}