{
  "epoch": 22,
  "best_val_loss": 0.6093778421128462,
  "map_0.5_0.95": 0.8507978473606783,
  "map_0.3": 0.9895838568628432,
  "precision": 0.9993654822335025,
  "recall": 0.9993654822335025,
  "f1": 0.9993654822335025
}